photo_group,source_images,category,denomination,country,year,mint_mark,design_variety,diameter_mm,weight_g,composition,edge,obverse_text,reverse_text,condition_notes,qty,est_value_low_usd,est_value_high_usd,value_basis,confidence,notes
Set 1,"IMG_1198, IMG_1199",Proof Set,Cent/Nickel/Dime/Quarter/Half Dollar (5 coins),USA,1960,"(none - Philadelphia, pre-1968 proofs unmarked)",1960 U.S. Proof Set in original hard-plastic holder,,,,,Individual coins: LIBERTY / IN GOD WE TRUST + date on each,"Holder engraved: ""U.S. PROOF COINS 1960""","Sealed in period Capital-style plastic holder, light haze/toning visible on cent and nickel, dime/quarter/half show cameo-like mirror fields",1,32,50,"Greysheet/USA Coin Book 2026 guide, large-date vs small-date cent variety affects low/high end",high,"Cent/nickel are base metal; dime, quarter, half are 90% silver. Large-date vs small-date cent variety changes value - check cent closely."
Set 2,IMG_1214,Mint Set,Cent/Nickel/Dime/Quarter/Half Dollar,USA,1974,P (Philadelphia panel photographed),"1974 U.S. Mint Uncirculated Set, sealed cellophane pack",,,,,Kennedy half visible: LIBERTY / IN GOD WE TRUST 1974,n/a (sealed pack),Still factory-sealed in original cellophane with red stripe,1,15,19,Greysheet ($15) / USA Coin Book (~$19) 2026 guide for complete P&D set,high,Only the Philadelphia panel was photographed - full 1974 Mint Set includes a matching Denver (D) panel; check the envelope for a second sealed panel before assuming this is complete.
Set 3,IMG_1215,Mint Set,Cent/Nickel/Dime/Quarter/Half Dollar/SBA Dollar,USA,1998,P&D,"1998 U.S. Mint Uncirculated Set, sealed cellophane pack",,,,,"Susan B. Anthony Dollar (LIBERTY, 1998), Washington quarter, Kennedy half, Roosevelt dime, Jefferson nickel, Lincoln cent all visible",n/a (sealed pack),Factory-sealed cellophane,1,5,7,Greysheet (~$5.50) / USA Coin Book (~$7.20) 2026 guide,high,1998 was the last year of the Susan B. Anthony dollar before the Sacagawea dollar replaced it in 2000 - a small draw for type collectors.
Set 4,IMG_1216,Mint Set,Cent/Nickel/Dime/Quarter/Half Dollar,USA,1999,P&D,"1999 U.S. Mint Uncirculated Set (Delaware state quarter visible), sealed cellophane pack",,,,,"Delaware statehood quarter, Kennedy half, Jefferson nickel, Lincoln cent visible",n/a (sealed pack),Factory-sealed cellophane,1,8,12,General guide range for early 50-States-era mint sets (first year of state quarter program),medium,First year of the 50 State Quarters program - modestly more collector interest than later years.
Set 5,IMG_1217,Commemorative Display Card,Nickel (+ cent visible),USA,2004,P (Philadelphia),"""Westward Journey"" Keelboat Jefferson Nickel on a themed collector card",21.21,5.0,"75% copper, 25% nickel",plain,"UNITED STATES OF AMERICA, LEWIS & CLARK, KEELBOAT, FIVE CENTS","Card text: ""The Westward Journey / Keelboat"", ""Philadelphia Denver 2004""","Uncirculated-looking nickel mounted in card, cent below only partly visible",1,1,3,Common date/mintmark Keelboat nickel is worth face to ~$1 even in high uncirculated grade; card adds small novelty premium,high,Not a full mint set - just the nickel (and a cent) on a promotional display card. No real numismatic premium over face value.
Token 1,IMG_1200,Casino Token,$1.00 (redeemable cash value),USA (Nevada),,,"Aladdin Hotel & Casino (Las Vegas) ""World's 7 Wonders"" series - Eiffel Tower",,,brass/nickel-alloy token metal (not U.S. legal tender),varies,ONE DOLLAR REDEEMABLE CASH VALUE / EIFFEL TOWER / ALADDIN,Aladdin and magic carpet over the casino name (not photographed in this set of images),"Brass-toned token in a plastic capsule, light wear",1,2,5,"eBay/Worthpoint comparables for individual Aladdin World's 7 Wonders tokens (complete 7-piece $2 sets sell around $18, i.e. ~$2.50/token)",high,Aladdin closed/was demolished in 1998 (site is now Planet Hollywood) - defunct-casino tokens like this have modest but real collector demand.
Token 2,IMG_1201,Casino Token,$2.00 (redeemable cash value),USA (Nevada),1996,,"Aladdin Hotel & Casino (Las Vegas) ""World's 7 Wonders"" series",,,brass/nickel-alloy token metal (not U.S. legal tender),varies,TWO DOLLAR REDEEMABLE CASH VALUE / WORLD'S 7 WONDERS / ALADDIN,Aladdin and magic carpet motif,"Brass-toned token in a plastic capsule, light wear, small edge nick",1,2,5,Same comparables as Token 1,high,"Series issued 1996; there were 7 different wonder designs at $2 each - if there are more of these in the bag, a matched set is worth more together than piecemeal."
Exonumia 1,IMG_1202,Elongated Cent (souvenir),Rolled 1 cent,USA,1939,,"1939 New York World's Fair ""The World of Tomorrow"" - Trylon & Perisphere",,,copper (rolled from a genuine one-cent planchet),"smooth, elongated",NEW YORK WORLD'S FAIR 1939 / THE WORLD OF TOMORROW (rolled over Trylon & Perisphere image),"n/a (rolled onto a genuine Lincoln cent planchet, original details erased)","Good detail, brown copper patina, no major creases",1,5,15,"Collector-forum comparables: common 1939 NYWF elongated designs sell for a few dollars, scarcer die varieties up to ~$50; PCGS CoinFacts catalogs this as die variety M&D-1",high,"This is a legitimate 87-year-old souvenir elongated coin, not a modern reproduction - collectible in the elongated-coin (""pressed penny"") hobby, which is a real and organized sub-collecting niche."
Quarter 1,"IMG_1203, IMG_1205, IMG_1206, IMG_1207, IMG_1213",Circulating Quarter,25 cents,USA,2006,not legible in photo,"50 State Quarters - Colorado (""COLORADO 1876"", Rocky Mountains design)",24.26,5.67,copper-nickel clad over pure copper core,reeded,UNITED STATES OF AMERICA / LIBERTY / IN GOD WE TRUST,COLORADO 1876 / mountain landscape,"Circulated, moderate wear",1,0.25,1,Face value; common-date circulated state quarters carry no premium,high,
Quarter 2,"IMG_1203, IMG_1205, IMG_1207, IMG_1213",Circulating Quarter,25 cents,USA,2005,not legible in photo,"50 State Quarters - West Virginia (""WEST VIRGINIA 1863"", New River Gorge Bridge)",24.26,5.67,copper-nickel clad over pure copper core,reeded,UNITED STATES OF AMERICA / LIBERTY / IN GOD WE TRUST,WEST VIRGINIA 1863 / New River Gorge Bridge,"Circulated, light-moderate wear",1,0.25,1,Face value; common-date circulated state quarters carry no premium,high,
Quarter 3,"IMG_1203, IMG_1205, IMG_1207, IMG_1213",Circulating Quarter,25 cents,USA,2021,not legible in photo,"America the Beautiful - Washington Crossing the Delaware (George Washington crossing the Delaware River, boat scene)",24.26,5.67,copper-nickel clad over pure copper core,reeded,UNITED STATES OF AMERICA / E PLURIBUS UNUM / crossing scene / QUARTER DOLLAR,(design is on what's usually the reverse face; Washington portrait is on the other side),"Circulated, light wear",1,0.25,1,Face value; common-date circulated ATB quarters carry no premium,high,
Quarter 4,"IMG_1203, IMG_1205, IMG_1206, IMG_1213",Circulating Quarter,25 cents,USA,2001,not legible in photo,"50 State Quarters - North Carolina (""NORTH CAROLINA 1789"", First Flight / Wright Flyer)",24.26,5.67,copper-nickel clad over pure copper core,reeded,UNITED STATES OF AMERICA / LIBERTY / IN GOD WE TRUST,NORTH CAROLINA 1789 / FIRST FLIGHT / Wright Flyer biplane,"Circulated, moderate wear",1,0.25,1,Face value; common-date circulated state quarters carry no premium,high,
Quarter 5,"IMG_1206, IMG_1213",Circulating Quarter,25 cents,USA,2022,not legible in photo,"American Women Quarters - Maya Angelou (figure with wings/arms raised, rising sun rays)",24.26,5.67,copper-nickel clad over pure copper core,reeded,UNITED STATES OF AMERICA / QUARTER DOLLAR / E PLURIBUS UNUM,MAYA ANGELOU / bird in flight / sunrise rays design,"Lightly circulated, good detail",1,0.25,1,"Face value; first-year 2022 American Women Quarter, common in circulation",high,
Dimes (13),"IMG_1206, IMG_1210, IMG_1213",Circulating Dime,10 cents,USA,,not legible in photo,"Roosevelt Dime, various dates",17.91,2.268,copper-nickel clad over pure copper core,reeded,LIBERTY / IN GOD WE TRUST,not photographed close enough to read,"Moderate to heavy circulation wear, dates too small/worn to read reliably from photo",13,1.3,30,Face value ($0.10 each) if clad (1965+); ~$2+ each in silver melt alone if any are 1964-or-earlier (90% silver),low,"IMPORTANT: check every one of these 13 dimes for a date of 1964 or earlier - those are 90% silver (worth several dollars each just for the silver, more so if a nicer grade). Quick tell: silver dimes look duller/warmer and show no copper-colored stripe on the edge; clad dimes show a visible copper line on the edge."
Nickel 1,"IMG_1203, IMG_1205, IMG_1206, IMG_1207",Circulating Nickel,5 cents,USA,,not legible in photo,"Jefferson Nickel, heavily worn (date not legible)",21.21,5.0,"75% copper, 25% nickel",plain,"LIBERTY (partial, worn smooth)",not clearly photographed,"Heavily worn/smoothed, date illegible in photo",1,0.05,0.05,Face value - worn common-date Jefferson nickels have no numismatic premium,medium,
Penny Grid A - confident reads,"IMG_1209, IMG_1210, IMG_1211",Circulating Cent (individually read),1 cent,USA,"1958/1968, 1969, 1969, 1970, 1972, 1980, 1981, 1982, 1982, 1982, 1984, 1988, 1989, 1989",not legible in photo,Lincoln Memorial cents - 14 individual coins read with medium-high confidence out of this grid,19.05,3.11,"95% copper, 5% zinc (bronze)",plain,LIBERTY / IN GOD WE TRUST + date,"Lincoln Memorial building, ONE CENT, UNITED STATES OF AMERICA","Grid laid out on a tray, many coins rotated/upside-down in the photo which makes some digits ambiguous",14,0.14,1.5,"Face value for common-date circulated memorial cents; pre-1982 examples are 95% copper (worth slightly more than face in copper melt terms, though melting US cents is illegal)",medium,This is one physical layout of ~40+ cents that appears to have been photographed three times (IMG_1209/1210/1211 match in pattern) - these 14 are the ones legible enough to date confidently across those three photos.
Penny Grid A - illegible remainder,"IMG_1209, IMG_1210, IMG_1211","Circulating Cent (bulk, unread)",1 cent,USA,,,Mix of Lincoln wheat cents and Lincoln Memorial cents - remaining coins in the same grid,19.05,3.11,"95% copper, 5% tin/zinc (bronze)",plain,LIBERTY / IN GOD WE TRUST + date (date not reliably legible from photo),mix of wheat-ears (pre-1959) and Lincoln Memorial (1959+) reverses visible,Coins are rotated/upside down/worn; 4-digit dates could not be read reliably without physical handling,31,0.93,5,"Assume face value for memorial cents, ~$0.05-0.15 typical for common circulated wheat cents (no premium unless a key date - see notes)",low,"Worth a 10-minute manual sort: flip every cent over - any with WHEAT EARS on the back (not the Memorial building) is 1909-1958 and worth pulling aside. Then check those specifically for key dates: 1909-S, 1909-S VDB, 1914-D, 1922 (no mintmark/""plain""), 1931-S, 1955 doubled-die - those are the ones with real premiums ($20 to thousands); everything else is a few cents to ~$0.25 each."
Penny Piles B/C,"IMG_1208, IMG_1212","Circulating Cent (bulk, possible duplicate photos)",1 cent,USA,,,"Mix of Lincoln wheat cents and Lincoln Memorial cents, scattered (non-grid) layout",19.05,3.11,"95% copper, 5% tin/zinc (bronze)",plain,LIBERTY / IN GOD WE TRUST + date,mix of wheat-ears and Lincoln Memorial reverses,"Scattered pile, several coins with dark/black toning consistent with environmental damage or old copper corrosion",19,0.57,5,Same basis as Penny Grid A remainder,low,"IMG_1208 and IMG_1212 show a similar scattered arrangement with overlapping dates and matching dark/corroded coins in similar positions - these may be TWO PHOTOS OF THE SAME ~19 COINS rather than 38 distinct coins. Treat this qty (19) as a single estimate, not 19+19=38, until physically recounted."
